,id,url,repository_url,lebels_url,user
0,1160431554,https://api.github.com/repos/pandas-dev/pandas/issues/46241,https://api.github.com/repos/pandas-dev/pandas,,"{'login': 'twoertwein', 'id': 6618166, 'node_id': 'MDQ6VXNlcjY2MTgxNjY=', 'avatar_url': 'https://avatars.githubusercontent.com/u/6618166?v=4', 'gravatar_id': '', 'url': 'https://api.github.com/users/twoertwein', 'html_url': 'https://github.com/twoertwein', 'followers_url': 'https://api.github.com/users/twoertwein/followers', 'following_url': 'https://api.github.com/users/twoertwein/following{/other_user}', 'gists_url': 'https://api.github.com/users/twoertwein/gists{/gist_id}', 'starred_url': 'https://api.github.com/users/twoertwein/starred{/owner}{/repo}', 'subscriptions_url': 'https://api.github.com/users/twoertwein/subscriptions', 'organizations_url': 'https://api.github.com/users/twoertwein/orgs', 'repos_url': 'https://api.github.com/users/twoertwein/repos', 'events_url': 'https://api.github.com/users/twoertwein/events{/privacy}', 'received_events_url': 'https://api.github.com/users/twoertwein/received_events', 'type': 'User', 'site_admin': False}"
1,1160431471,https://api.github.com/repos/pandas-dev/pandas/issues/46240,https://api.github.com/repos/pandas-dev/pandas,,"{'login': 'sterlinm', 'id': 1461273, 'node_id': 'MDQ6VXNlcjE0NjEyNzM=', 'avatar_url': 'https://avatars.githubusercontent.com/u/1461273?v=4', 'gravatar_id': '', 'url': 'https://api.github.com/users/sterlinm', 'html_url': 'https://github.com/sterlinm', 'followers_url': 'https://api.github.com/users/sterlinm/followers', 'following_url': 'https://api.github.com/users/sterlinm/following{/other_user}', 'gists_url': 'https://api.github.com/users/sterlinm/gists{/gist_id}', 'starred_url': 'https://api.github.com/users/sterlinm/starred{/owner}{/repo}', 'subscriptions_url': 'https://api.github.com/users/sterlinm/subscriptions', 'organizations_url': 'https://api.github.com/users/sterlinm/orgs', 'repos_url': 'https://api.github.com/users/sterlinm/repos', 'events_url': 'https://api.github.com/users/sterlinm/events{/privacy}', 'received_events_url': 'https://api.github.com/users/sterlinm/received_events', 'type': 'User', 'site_admin': False}"
2,1160393154,https://api.github.com/repos/pandas-dev/pandas/issues/46239,https://api.github.com/repos/pandas-dev/pandas,,"{'login': 'attack68', 'id': 24256554, 'node_id': 'MDQ6VXNlcjI0MjU2NTU0', 'avatar_url': 'https://avatars.githubusercontent.com/u/24256554?v=4', 'gravatar_id': '', 'url': 'https://api.github.com/users/attack68', 'html_url': 'https://github.com/attack68', 'followers_url': 'https://api.github.com/users/attack68/followers', 'following_url': 'https://api.github.com/users/attack68/following{/other_user}', 'gists_url': 'https://api.github.com/users/attack68/gists{/gist_id}', 'starred_url': 'https://api.github.com/users/attack68/starred{/owner}{/repo}', 'subscriptions_url': 'https://api.github.com/users/attack68/subscriptions', 'organizations_url': 'https://api.github.com/users/attack68/orgs', 'repos_url': 'https://api.github.com/users/attack68/repos', 'events_url': 'https://api.github.com/users/attack68/events{/privacy}', 'received_events_url': 'https://api.github.com/users/attack68/received_events', 'type': 'User', 'site_admin': False}"
3,1160389512,https://api.github.com/repos/pandas-dev/pandas/issues/46238,https://api.github.com/repos/pandas-dev/pandas,,"{'login': 'weikhor', 'id': 36619387, 'node_id': 'MDQ6VXNlcjM2NjE5Mzg3', 'avatar_url': 'https://avatars.githubusercontent.com/u/36619387?v=4', 'gravatar_id': '', 'url': 'https://api.github.com/users/weikhor', 'html_url': 'https://github.com/weikhor', 'followers_url': 'https://api.github.com/users/weikhor/followers', 'following_url': 'https://api.github.com/users/weikhor/following{/other_user}', 'gists_url': 'https://api.github.com/users/weikhor/gists{/gist_id}', 'starred_url': 'https://api.github.com/users/weikhor/starred{/owner}{/repo}', 'subscriptions_url': 'https://api.github.com/users/weikhor/subscriptions', 'organizations_url': 'https://api.github.com/users/weikhor/orgs', 'repos_url': 'https://api.github.com/users/weikhor/repos', 'events_url': 'https://api.github.com/users/weikhor/events{/privacy}', 'received_events_url': 'https://api.github.com/users/weikhor/received_events', 'type': 'User', 'site_admin': False}"
4,1160198674,https://api.github.com/repos/pandas-dev/pandas/issues/46236,https://api.github.com/repos/pandas-dev/pandas,,"{'login': 'jbrockmendel', 'id': 8078968, 'node_id': 'MDQ6VXNlcjgwNzg5Njg=', 'avatar_url': 'https://avatars.githubusercontent.com/u/8078968?v=4', 'gravatar_id': '', 'url': 'https://api.github.com/users/jbrockmendel', 'html_url': 'https://github.com/jbrockmendel', 'followers_url': 'https://api.github.com/users/jbrockmendel/followers', 'following_url': 'https://api.github.com/users/jbrockmendel/following{/other_user}', 'gists_url': 'https://api.github.com/users/jbrockmendel/gists{/gist_id}', 'starred_url': 'https://api.github.com/users/jbrockmendel/starred{/owner}{/repo}', 'subscriptions_url': 'https://api.github.com/users/jbrockmendel/subscriptions', 'organizations_url': 'https://api.github.com/users/jbrockmendel/orgs', 'repos_url': 'https://api.github.com/users/jbrockmendel/repos', 'events_url': 'https://api.github.com/users/jbrockmendel/events{/privacy}', 'received_events_url': 'https://api.github.com/users/jbrockmendel/received_events', 'type': 'User', 'site_admin': False}"
5,1160089928,https://api.github.com/repos/pandas-dev/pandas/issues/46234,https://api.github.com/repos/pandas-dev/pandas,,"{'login': 'jbrockmendel', 'id': 8078968, 'node_id': 'MDQ6VXNlcjgwNzg5Njg=', 'avatar_url': 'https://avatars.githubusercontent.com/u/8078968?v=4', 'gravatar_id': '', 'url': 'https://api.github.com/users/jbrockmendel', 'html_url': 'https://github.com/jbrockmendel', 'followers_url': 'https://api.github.com/users/jbrockmendel/followers', 'following_url': 'https://api.github.com/users/jbrockmendel/following{/other_user}', 'gists_url': 'https://api.github.com/users/jbrockmendel/gists{/gist_id}', 'starred_url': 'https://api.github.com/users/jbrockmendel/starred{/owner}{/repo}', 'subscriptions_url': 'https://api.github.com/users/jbrockmendel/subscriptions', 'organizations_url': 'https://api.github.com/users/jbrockmendel/orgs', 'repos_url': 'https://api.github.com/users/jbrockmendel/repos', 'events_url': 'https://api.github.com/users/jbrockmendel/events{/privacy}', 'received_events_url': 'https://api.github.com/users/jbrockmendel/received_events', 'type': 'User', 'site_admin': False}"
6,1160064471,https://api.github.com/repos/pandas-dev/pandas/issues/46232,https://api.github.com/repos/pandas-dev/pandas,,"{'login': 'LSturtew', 'id': 56136443, 'node_id': 'MDQ6VXNlcjU2MTM2NDQz', 'avatar_url': 'https://avatars.githubusercontent.com/u/56136443?v=4', 'gravatar_id': '', 'url': 'https://api.github.com/users/LSturtew', 'html_url': 'https://github.com/LSturtew', 'followers_url': 'https://api.github.com/users/LSturtew/followers', 'following_url': 'https://api.github.com/users/LSturtew/following{/other_user}', 'gists_url': 'https://api.github.com/users/LSturtew/gists{/gist_id}', 'starred_url': 'https://api.github.com/users/LSturtew/starred{/owner}{/repo}', 'subscriptions_url': 'https://api.github.com/users/LSturtew/subscriptions', 'organizations_url': 'https://api.github.com/users/LSturtew/orgs', 'repos_url': 'https://api.github.com/users/LSturtew/repos', 'events_url': 'https://api.github.com/users/LSturtew/events{/privacy}', 'received_events_url': 'https://api.github.com/users/LSturtew/received_events', 'type': 'User', 'site_admin': False}"
7,1159934807,https://api.github.com/repos/pandas-dev/pandas/issues/46231,https://api.github.com/repos/pandas-dev/pandas,,"{'login': 'ehallam', 'id': 20362314, 'node_id': 'MDQ6VXNlcjIwMzYyMzE0', 'avatar_url': 'https://avatars.githubusercontent.com/u/20362314?v=4', 'gravatar_id': '', 'url': 'https://api.github.com/users/ehallam', 'html_url': 'https://github.com/ehallam', 'followers_url': 'https://api.github.com/users/ehallam/followers', 'following_url': 'https://api.github.com/users/ehallam/following{/other_user}', 'gists_url': 'https://api.github.com/users/ehallam/gists{/gist_id}', 'starred_url': 'https://api.github.com/users/ehallam/starred{/owner}{/repo}', 'subscriptions_url': 'https://api.github.com/users/ehallam/subscriptions', 'organizations_url': 'https://api.github.com/users/ehallam/orgs', 'repos_url': 'https://api.github.com/users/ehallam/repos', 'events_url': 'https://api.github.com/users/ehallam/events{/privacy}', 'received_events_url': 'https://api.github.com/users/ehallam/received_events', 'type': 'User', 'site_admin': False}"
8,1159874789,https://api.github.com/repos/pandas-dev/pandas/issues/46230,https://api.github.com/repos/pandas-dev/pandas,,"{'login': 'ianliu', 'id': 30196, 'node_id': 'MDQ6VXNlcjMwMTk2', 'avatar_url': 'https://avatars.githubusercontent.com/u/30196?v=4', 'gravatar_id': '', 'url': 'https://api.github.com/users/ianliu', 'html_url': 'https://github.com/ianliu', 'followers_url': 'https://api.github.com/users/ianliu/followers', 'following_url': 'https://api.github.com/users/ianliu/following{/other_user}', 'gists_url': 'https://api.github.com/users/ianliu/gists{/gist_id}', 'starred_url': 'https://api.github.com/users/ianliu/starred{/owner}{/repo}', 'subscriptions_url': 'https://api.github.com/users/ianliu/subscriptions', 'organizations_url': 'https://api.github.com/users/ianliu/orgs', 'repos_url': 'https://api.github.com/users/ianliu/repos', 'events_url': 'https://api.github.com/users/ianliu/events{/privacy}', 'received_events_url': 'https://api.github.com/users/ianliu/received_events', 'type': 'User', 'site_admin': False}"
9,1159791857,https://api.github.com/repos/pandas-dev/pandas/issues/46229,https://api.github.com/repos/pandas-dev/pandas,,"{'login': 'raffaem', 'id': 54762742, 'node_id': 'MDQ6VXNlcjU0NzYyNzQy', 'avatar_url': 'https://avatars.githubusercontent.com/u/54762742?v=4', 'gravatar_id': '', 'url': 'https://api.github.com/users/raffaem', 'html_url': 'https://github.com/raffaem', 'followers_url': 'https://api.github.com/users/raffaem/followers', 'following_url': 'https://api.github.com/users/raffaem/following{/other_user}', 'gists_url': 'https://api.github.com/users/raffaem/gists{/gist_id}', 'starred_url': 'https://api.github.com/users/raffaem/starred{/owner}{/repo}', 'subscriptions_url': 'https://api.github.com/users/raffaem/subscriptions', 'organizations_url': 'https://api.github.com/users/raffaem/orgs', 'repos_url': 'https://api.github.com/users/raffaem/repos', 'events_url': 'https://api.github.com/users/raffaem/events{/privacy}', 'received_events_url': 'https://api.github.com/users/raffaem/received_events', 'type': 'User', 'site_admin': False}"
10,1159657724,https://api.github.com/repos/pandas-dev/pandas/issues/46227,https://api.github.com/repos/pandas-dev/pandas,,"{'login': 'jorisvandenbossche', 'id': 1020496, 'node_id': 'MDQ6VXNlcjEwMjA0OTY=', 'avatar_url': 'https://avatars.githubusercontent.com/u/1020496?v=4', 'gravatar_id': '', 'url': 'https://api.github.com/users/jorisvandenbossche', 'html_url': 'https://github.com/jorisvandenbossche', 'followers_url': 'https://api.github.com/users/jorisvandenbossche/followers', 'following_url': 'https://api.github.com/users/jorisvandenbossche/following{/other_user}', 'gists_url': 'https://api.github.com/users/jorisvandenbossche/gists{/gist_id}', 'starred_url': 'https://api.github.com/users/jorisvandenbossche/starred{/owner}{/repo}', 'subscriptions_url': 'https://api.github.com/users/jorisvandenbossche/subscriptions', 'organizations_url': 'https://api.github.com/users/jorisvandenbossche/orgs', 'repos_url': 'https://api.github.com/users/jorisvandenbossche/repos', 'events_url': 'https://api.github.com/users/jorisvandenbossche/events{/privacy}', 'received_events_url': 'https://api.github.com/users/jorisvandenbossche/received_events', 'type': 'User', 'site_admin': False}"
11,1159602954,https://api.github.com/repos/pandas-dev/pandas/issues/46226,https://api.github.com/repos/pandas-dev/pandas,,"{'login': 'topper-123', 'id': 26364415, 'node_id': 'MDQ6VXNlcjI2MzY0NDE1', 'avatar_url': 'https://avatars.githubusercontent.com/u/26364415?v=4', 'gravatar_id': '', 'url': 'https://api.github.com/users/topper-123', 'html_url': 'https://github.com/topper-123', 'followers_url': 'https://api.github.com/users/topper-123/followers', 'following_url': 'https://api.github.com/users/topper-123/following{/other_user}', 'gists_url': 'https://api.github.com/users/topper-123/gists{/gist_id}', 'starred_url': 'https://api.github.com/users/topper-123/starred{/owner}{/repo}', 'subscriptions_url': 'https://api.github.com/users/topper-123/subscriptions', 'organizations_url': 'https://api.github.com/users/topper-123/orgs', 'repos_url': 'https://api.github.com/users/topper-123/repos', 'events_url': 'https://api.github.com/users/topper-123/events{/privacy}', 'received_events_url': 'https://api.github.com/users/topper-123/received_events', 'type': 'User', 'site_admin': False}"
12,1159567404,https://api.github.com/repos/pandas-dev/pandas/issues/46225,https://api.github.com/repos/pandas-dev/pandas,,"{'login': 'hitvoice', 'id': 13765633, 'node_id': 'MDQ6VXNlcjEzNzY1NjMz', 'avatar_url': 'https://avatars.githubusercontent.com/u/13765633?v=4', 'gravatar_id': '', 'url': 'https://api.github.com/users/hitvoice', 'html_url': 'https://github.com/hitvoice', 'followers_url': 'https://api.github.com/users/hitvoice/followers', 'following_url': 'https://api.github.com/users/hitvoice/following{/other_user}', 'gists_url': 'https://api.github.com/users/hitvoice/gists{/gist_id}', 'starred_url': 'https://api.github.com/users/hitvoice/starred{/owner}{/repo}', 'subscriptions_url': 'https://api.github.com/users/hitvoice/subscriptions', 'organizations_url': 'https://api.github.com/users/hitvoice/orgs', 'repos_url': 'https://api.github.com/users/hitvoice/repos', 'events_url': 'https://api.github.com/users/hitvoice/events{/privacy}', 'received_events_url': 'https://api.github.com/users/hitvoice/received_events', 'type': 'User', 'site_admin': False}"
13,1159216249,https://api.github.com/repos/pandas-dev/pandas/issues/46222,https://api.github.com/repos/pandas-dev/pandas,,"{'login': 'twoertwein', 'id': 6618166, 'node_id': 'MDQ6VXNlcjY2MTgxNjY=', 'avatar_url': 'https://avatars.githubusercontent.com/u/6618166?v=4', 'gravatar_id': '', 'url': 'https://api.github.com/users/twoertwein', 'html_url': 'https://github.com/twoertwein', 'followers_url': 'https://api.github.com/users/twoertwein/followers', 'following_url': 'https://api.github.com/users/twoertwein/following{/other_user}', 'gists_url': 'https://api.github.com/users/twoertwein/gists{/gist_id}', 'starred_url': 'https://api.github.com/users/twoertwein/starred{/owner}{/repo}', 'subscriptions_url': 'https://api.github.com/users/twoertwein/subscriptions', 'organizations_url': 'https://api.github.com/users/twoertwein/orgs', 'repos_url': 'https://api.github.com/users/twoertwein/repos', 'events_url': 'https://api.github.com/users/twoertwein/events{/privacy}', 'received_events_url': 'https://api.github.com/users/twoertwein/received_events', 'type': 'User', 'site_admin': False}"
14,1159140752,https://api.github.com/repos/pandas-dev/pandas/issues/46221,https://api.github.com/repos/pandas-dev/pandas,,"{'login': 'mvashishtha', 'id': 10712109, 'node_id': 'MDQ6VXNlcjEwNzEyMTA5', 'avatar_url': 'https://avatars.githubusercontent.com/u/10712109?v=4', 'gravatar_id': '', 'url': 'https://api.github.com/users/mvashishtha', 'html_url': 'https://github.com/mvashishtha', 'followers_url': 'https://api.github.com/users/mvashishtha/followers', 'following_url': 'https://api.github.com/users/mvashishtha/following{/other_user}', 'gists_url': 'https://api.github.com/users/mvashishtha/gists{/gist_id}', 'starred_url': 'https://api.github.com/users/mvashishtha/starred{/owner}{/repo}', 'subscriptions_url': 'https://api.github.com/users/mvashishtha/subscriptions', 'organizations_url': 'https://api.github.com/users/mvashishtha/orgs', 'repos_url': 'https://api.github.com/users/mvashishtha/repos', 'events_url': 'https://api.github.com/users/mvashishtha/events{/privacy}', 'received_events_url': 'https://api.github.com/users/mvashishtha/received_events', 'type': 'User', 'site_admin': False}"
15,1159078523,https://api.github.com/repos/pandas-dev/pandas/issues/46218,https://api.github.com/repos/pandas-dev/pandas,,"{'login': 'sergiykhan', 'id': 25179211, 'node_id': 'MDQ6VXNlcjI1MTc5MjEx', 'avatar_url': 'https://avatars.githubusercontent.com/u/25179211?v=4', 'gravatar_id': '', 'url': 'https://api.github.com/users/sergiykhan', 'html_url': 'https://github.com/sergiykhan', 'followers_url': 'https://api.github.com/users/sergiykhan/followers', 'following_url': 'https://api.github.com/users/sergiykhan/following{/other_user}', 'gists_url': 'https://api.github.com/users/sergiykhan/gists{/gist_id}', 'starred_url': 'https://api.github.com/users/sergiykhan/starred{/owner}{/repo}', 'subscriptions_url': 'https://api.github.com/users/sergiykhan/subscriptions', 'organizations_url': 'https://api.github.com/users/sergiykhan/orgs', 'repos_url': 'https://api.github.com/users/sergiykhan/repos', 'events_url': 'https://api.github.com/users/sergiykhan/events{/privacy}', 'received_events_url': 'https://api.github.com/users/sergiykhan/received_events', 'type': 'User', 'site_admin': False}"
16,1158374398,https://api.github.com/repos/pandas-dev/pandas/issues/46210,https://api.github.com/repos/pandas-dev/pandas,,"{'login': 'moojen', 'id': 18547401, 'node_id': 'MDQ6VXNlcjE4NTQ3NDAx', 'avatar_url': 'https://avatars.githubusercontent.com/u/18547401?v=4', 'gravatar_id': '', 'url': 'https://api.github.com/users/moojen', 'html_url': 'https://github.com/moojen', 'followers_url': 'https://api.github.com/users/moojen/followers', 'following_url': 'https://api.github.com/users/moojen/following{/other_user}', 'gists_url': 'https://api.github.com/users/moojen/gists{/gist_id}', 'starred_url': 'https://api.github.com/users/moojen/starred{/owner}{/repo}', 'subscriptions_url': 'https://api.github.com/users/moojen/subscriptions', 'organizations_url': 'https://api.github.com/users/moojen/orgs', 'repos_url': 'https://api.github.com/users/moojen/repos', 'events_url': 'https://api.github.com/users/moojen/events{/privacy}', 'received_events_url': 'https://api.github.com/users/moojen/received_events', 'type': 'User', 'site_admin': False}"
17,1157875795,https://api.github.com/repos/pandas-dev/pandas/issues/46209,https://api.github.com/repos/pandas-dev/pandas,,"{'login': 'rhshadrach', 'id': 45562402, 'node_id': 'MDQ6VXNlcjQ1NTYyNDAy', 'avatar_url': 'https://avatars.githubusercontent.com/u/45562402?v=4', 'gravatar_id': '', 'url': 'https://api.github.com/users/rhshadrach', 'html_url': 'https://github.com/rhshadrach', 'followers_url': 'https://api.github.com/users/rhshadrach/followers', 'following_url': 'https://api.github.com/users/rhshadrach/following{/other_user}', 'gists_url': 'https://api.github.com/users/rhshadrach/gists{/gist_id}', 'starred_url': 'https://api.github.com/users/rhshadrach/starred{/owner}{/repo}', 'subscriptions_url': 'https://api.github.com/users/rhshadrach/subscriptions', 'organizations_url': 'https://api.github.com/users/rhshadrach/orgs', 'repos_url': 'https://api.github.com/users/rhshadrach/repos', 'events_url': 'https://api.github.com/users/rhshadrach/events{/privacy}', 'received_events_url': 'https://api.github.com/users/rhshadrach/received_events', 'type': 'User', 'site_admin': False}"
18,1157819010,https://api.github.com/repos/pandas-dev/pandas/issues/46207,https://api.github.com/repos/pandas-dev/pandas,,"{'login': 'NickCrews', 'id': 10820686, 'node_id': 'MDQ6VXNlcjEwODIwNjg2', 'avatar_url': 'https://avatars.githubusercontent.com/u/10820686?v=4', 'gravatar_id': '', 'url': 'https://api.github.com/users/NickCrews', 'html_url': 'https://github.com/NickCrews', 'followers_url': 'https://api.github.com/users/NickCrews/followers', 'following_url': 'https://api.github.com/users/NickCrews/following{/other_user}', 'gists_url': 'https://api.github.com/users/NickCrews/gists{/gist_id}', 'starred_url': 'https://api.github.com/users/NickCrews/starred{/owner}{/repo}', 'subscriptions_url': 'https://api.github.com/users/NickCrews/subscriptions', 'organizations_url': 'https://api.github.com/users/NickCrews/orgs', 'repos_url': 'https://api.github.com/users/NickCrews/repos', 'events_url': 'https://api.github.com/users/NickCrews/events{/privacy}', 'received_events_url': 'https://api.github.com/users/NickCrews/received_events', 'type': 'User', 'site_admin': False}"
19,1157652834,https://api.github.com/repos/pandas-dev/pandas/issues/46205,https://api.github.com/repos/pandas-dev/pandas,,"{'login': 'rendner', 'id': 414652, 'node_id': 'MDQ6VXNlcjQxNDY1Mg==', 'avatar_url': 'https://avatars.githubusercontent.com/u/414652?v=4', 'gravatar_id': '', 'url': 'https://api.github.com/users/rendner', 'html_url': 'https://github.com/rendner', 'followers_url': 'https://api.github.com/users/rendner/followers', 'following_url': 'https://api.github.com/users/rendner/following{/other_user}', 'gists_url': 'https://api.github.com/users/rendner/gists{/gist_id}', 'starred_url': 'https://api.github.com/users/rendner/starred{/owner}{/repo}', 'subscriptions_url': 'https://api.github.com/users/rendner/subscriptions', 'organizations_url': 'https://api.github.com/users/rendner/orgs', 'repos_url': 'https://api.github.com/users/rendner/repos', 'events_url': 'https://api.github.com/users/rendner/events{/privacy}', 'received_events_url': 'https://api.github.com/users/rendner/received_events', 'type': 'User', 'site_admin': False}"
20,1157540646,https://api.github.com/repos/pandas-dev/pandas/issues/46204,https://api.github.com/repos/pandas-dev/pandas,,"{'login': 'jbrockmendel', 'id': 8078968, 'node_id': 'MDQ6VXNlcjgwNzg5Njg=', 'avatar_url': 'https://avatars.githubusercontent.com/u/8078968?v=4', 'gravatar_id': '', 'url': 'https://api.github.com/users/jbrockmendel', 'html_url': 'https://github.com/jbrockmendel', 'followers_url': 'https://api.github.com/users/jbrockmendel/followers', 'following_url': 'https://api.github.com/users/jbrockmendel/following{/other_user}', 'gists_url': 'https://api.github.com/users/jbrockmendel/gists{/gist_id}', 'starred_url': 'https://api.github.com/users/jbrockmendel/starred{/owner}{/repo}', 'subscriptions_url': 'https://api.github.com/users/jbrockmendel/subscriptions', 'organizations_url': 'https://api.github.com/users/jbrockmendel/orgs', 'repos_url': 'https://api.github.com/users/jbrockmendel/repos', 'events_url': 'https://api.github.com/users/jbrockmendel/events{/privacy}', 'received_events_url': 'https://api.github.com/users/jbrockmendel/received_events', 'type': 'User', 'site_admin': False}"
21,1157500304,https://api.github.com/repos/pandas-dev/pandas/issues/46203,https://api.github.com/repos/pandas-dev/pandas,,"{'login': 'NickCrews', 'id': 10820686, 'node_id': 'MDQ6VXNlcjEwODIwNjg2', 'avatar_url': 'https://avatars.githubusercontent.com/u/10820686?v=4', 'gravatar_id': '', 'url': 'https://api.github.com/users/NickCrews', 'html_url': 'https://github.com/NickCrews', 'followers_url': 'https://api.github.com/users/NickCrews/followers', 'following_url': 'https://api.github.com/users/NickCrews/following{/other_user}', 'gists_url': 'https://api.github.com/users/NickCrews/gists{/gist_id}', 'starred_url': 'https://api.github.com/users/NickCrews/starred{/owner}{/repo}', 'subscriptions_url': 'https://api.github.com/users/NickCrews/subscriptions', 'organizations_url': 'https://api.github.com/users/NickCrews/orgs', 'repos_url': 'https://api.github.com/users/NickCrews/repos', 'events_url': 'https://api.github.com/users/NickCrews/events{/privacy}', 'received_events_url': 'https://api.github.com/users/NickCrews/received_events', 'type': 'User', 'site_admin': False}"
22,1157424124,https://api.github.com/repos/pandas-dev/pandas/issues/46202,https://api.github.com/repos/pandas-dev/pandas,,"{'login': 'whypandasslow', 'id': 100778886, 'node_id': 'U_kgDOBgHDhg', 'avatar_url': 'https://avatars.githubusercontent.com/u/100778886?v=4', 'gravatar_id': '', 'url': 'https://api.github.com/users/whypandasslow', 'html_url': 'https://github.com/whypandasslow', 'followers_url': 'https://api.github.com/users/whypandasslow/followers', 'following_url': 'https://api.github.com/users/whypandasslow/following{/other_user}', 'gists_url': 'https://api.github.com/users/whypandasslow/gists{/gist_id}', 'starred_url': 'https://api.github.com/users/whypandasslow/starred{/owner}{/repo}', 'subscriptions_url': 'https://api.github.com/users/whypandasslow/subscriptions', 'organizations_url': 'https://api.github.com/users/whypandasslow/orgs', 'repos_url': 'https://api.github.com/users/whypandasslow/repos', 'events_url': 'https://api.github.com/users/whypandasslow/events{/privacy}', 'received_events_url': 'https://api.github.com/users/whypandasslow/received_events', 'type': 'User', 'site_admin': False}"
23,1157383588,https://api.github.com/repos/pandas-dev/pandas/issues/46199,https://api.github.com/repos/pandas-dev/pandas,,"{'login': 'weikhor', 'id': 36619387, 'node_id': 'MDQ6VXNlcjM2NjE5Mzg3', 'avatar_url': 'https://avatars.githubusercontent.com/u/36619387?v=4', 'gravatar_id': '', 'url': 'https://api.github.com/users/weikhor', 'html_url': 'https://github.com/weikhor', 'followers_url': 'https://api.github.com/users/weikhor/followers', 'following_url': 'https://api.github.com/users/weikhor/following{/other_user}', 'gists_url': 'https://api.github.com/users/weikhor/gists{/gist_id}', 'starred_url': 'https://api.github.com/users/weikhor/starred{/owner}{/repo}', 'subscriptions_url': 'https://api.github.com/users/weikhor/subscriptions', 'organizations_url': 'https://api.github.com/users/weikhor/orgs', 'repos_url': 'https://api.github.com/users/weikhor/repos', 'events_url': 'https://api.github.com/users/weikhor/events{/privacy}', 'received_events_url': 'https://api.github.com/users/weikhor/received_events', 'type': 'User', 'site_admin': False}"
24,1155867508,https://api.github.com/repos/pandas-dev/pandas/issues/46195,https://api.github.com/repos/pandas-dev/pandas,,"{'login': 'NumberPiOso', 'id': 46936498, 'node_id': 'MDQ6VXNlcjQ2OTM2NDk4', 'avatar_url': 'https://avatars.githubusercontent.com/u/46936498?v=4', 'gravatar_id': '', 'url': 'https://api.github.com/users/NumberPiOso', 'html_url': 'https://github.com/NumberPiOso', 'followers_url': 'https://api.github.com/users/NumberPiOso/followers', 'following_url': 'https://api.github.com/users/NumberPiOso/following{/other_user}', 'gists_url': 'https://api.github.com/users/NumberPiOso/gists{/gist_id}', 'starred_url': 'https://api.github.com/users/NumberPiOso/starred{/owner}{/repo}', 'subscriptions_url': 'https://api.github.com/users/NumberPiOso/subscriptions', 'organizations_url': 'https://api.github.com/users/NumberPiOso/orgs', 'repos_url': 'https://api.github.com/users/NumberPiOso/repos', 'events_url': 'https://api.github.com/users/NumberPiOso/events{/privacy}', 'received_events_url': 'https://api.github.com/users/NumberPiOso/received_events', 'type': 'User', 'site_admin': False}"
25,1154543878,https://api.github.com/repos/pandas-dev/pandas/issues/46187,https://api.github.com/repos/pandas-dev/pandas,,"{'login': 'theinexorable', 'id': 51996504, 'node_id': 'MDQ6VXNlcjUxOTk2NTA0', 'avatar_url': 'https://avatars.githubusercontent.com/u/51996504?v=4', 'gravatar_id': '', 'url': 'https://api.github.com/users/theinexorable', 'html_url': 'https://github.com/theinexorable', 'followers_url': 'https://api.github.com/users/theinexorable/followers', 'following_url': 'https://api.github.com/users/theinexorable/following{/other_user}', 'gists_url': 'https://api.github.com/users/theinexorable/gists{/gist_id}', 'starred_url': 'https://api.github.com/users/theinexorable/starred{/owner}{/repo}', 'subscriptions_url': 'https://api.github.com/users/theinexorable/subscriptions', 'organizations_url': 'https://api.github.com/users/theinexorable/orgs', 'repos_url': 'https://api.github.com/users/theinexorable/repos', 'events_url': 'https://api.github.com/users/theinexorable/events{/privacy}', 'received_events_url': 'https://api.github.com/users/theinexorable/received_events', 'type': 'User', 'site_admin': False}"
26,1154522327,https://api.github.com/repos/pandas-dev/pandas/issues/46185,https://api.github.com/repos/pandas-dev/pandas,,"{'login': 'RagBlufThim', 'id': 25440862, 'node_id': 'MDQ6VXNlcjI1NDQwODYy', 'avatar_url': 'https://avatars.githubusercontent.com/u/25440862?v=4', 'gravatar_id': '', 'url': 'https://api.github.com/users/RagBlufThim', 'html_url': 'https://github.com/RagBlufThim', 'followers_url': 'https://api.github.com/users/RagBlufThim/followers', 'following_url': 'https://api.github.com/users/RagBlufThim/following{/other_user}', 'gists_url': 'https://api.github.com/users/RagBlufThim/gists{/gist_id}', 'starred_url': 'https://api.github.com/users/RagBlufThim/starred{/owner}{/repo}', 'subscriptions_url': 'https://api.github.com/users/RagBlufThim/subscriptions', 'organizations_url': 'https://api.github.com/users/RagBlufThim/orgs', 'repos_url': 'https://api.github.com/users/RagBlufThim/repos', 'events_url': 'https://api.github.com/users/RagBlufThim/events{/privacy}', 'received_events_url': 'https://api.github.com/users/RagBlufThim/received_events', 'type': 'User', 'site_admin': False}"
27,1154193534,https://api.github.com/repos/pandas-dev/pandas/issues/46179,https://api.github.com/repos/pandas-dev/pandas,,"{'login': 'johannes-mueller', 'id': 5902745, 'node_id': 'MDQ6VXNlcjU5MDI3NDU=', 'avatar_url': 'https://avatars.githubusercontent.com/u/5902745?v=4', 'gravatar_id': '', 'url': 'https://api.github.com/users/johannes-mueller', 'html_url': 'https://github.com/johannes-mueller', 'followers_url': 'https://api.github.com/users/johannes-mueller/followers', 'following_url': 'https://api.github.com/users/johannes-mueller/following{/other_user}', 'gists_url': 'https://api.github.com/users/johannes-mueller/gists{/gist_id}', 'starred_url': 'https://api.github.com/users/johannes-mueller/starred{/owner}{/repo}', 'subscriptions_url': 'https://api.github.com/users/johannes-mueller/subscriptions', 'organizations_url': 'https://api.github.com/users/johannes-mueller/orgs', 'repos_url': 'https://api.github.com/users/johannes-mueller/repos', 'events_url': 'https://api.github.com/users/johannes-mueller/events{/privacy}', 'received_events_url': 'https://api.github.com/users/johannes-mueller/received_events', 'type': 'User', 'site_admin': False}"
28,1153888271,https://api.github.com/repos/pandas-dev/pandas/issues/46178,https://api.github.com/repos/pandas-dev/pandas,,"{'login': 'tritemio', 'id': 4156237, 'node_id': 'MDQ6VXNlcjQxNTYyMzc=', 'avatar_url': 'https://avatars.githubusercontent.com/u/4156237?v=4', 'gravatar_id': '', 'url': 'https://api.github.com/users/tritemio', 'html_url': 'https://github.com/tritemio', 'followers_url': 'https://api.github.com/users/tritemio/followers', 'following_url': 'https://api.github.com/users/tritemio/following{/other_user}', 'gists_url': 'https://api.github.com/users/tritemio/gists{/gist_id}', 'starred_url': 'https://api.github.com/users/tritemio/starred{/owner}{/repo}', 'subscriptions_url': 'https://api.github.com/users/tritemio/subscriptions', 'organizations_url': 'https://api.github.com/users/tritemio/orgs', 'repos_url': 'https://api.github.com/users/tritemio/repos', 'events_url': 'https://api.github.com/users/tritemio/events{/privacy}', 'received_events_url': 'https://api.github.com/users/tritemio/received_events', 'type': 'User', 'site_admin': False}"
29,1153565414,https://api.github.com/repos/pandas-dev/pandas/issues/46176,https://api.github.com/repos/pandas-dev/pandas,,"{'login': 'mach881040', 'id': 100502242, 'node_id': 'U_kgDOBf2K4g', 'avatar_url': 'https://avatars.githubusercontent.com/u/100502242?v=4', 'gravatar_id': '', 'url': 'https://api.github.com/users/mach881040', 'html_url': 'https://github.com/mach881040', 'followers_url': 'https://api.github.com/users/mach881040/followers', 'following_url': 'https://api.github.com/users/mach881040/following{/other_user}', 'gists_url': 'https://api.github.com/users/mach881040/gists{/gist_id}', 'starred_url': 'https://api.github.com/users/mach881040/starred{/owner}{/repo}', 'subscriptions_url': 'https://api.github.com/users/mach881040/subscriptions', 'organizations_url': 'https://api.github.com/users/mach881040/orgs', 'repos_url': 'https://api.github.com/users/mach881040/repos', 'events_url': 'https://api.github.com/users/mach881040/events{/privacy}', 'received_events_url': 'https://api.github.com/users/mach881040/received_events', 'type': 'User', 'site_admin': False}"
